code,name,memo,list
4011,ヘッドウォータース,,新高値ブレイク投資
6227,AIメカテック,,新高値ブレイク投資
6855,日本電子材料,,新高値ブレイク投資
4971,メック,,新高値ブレイク投資
135A,VRAIN Solution,,新高値ブレイク投資
558A,SQUEEZE,,新高値ブレイク投資
6145,NITTOKU,,新高値ブレイク投資
6480,日本トムソン,,新高値ブレイク投資
6323,ローツェ,,新高値ブレイク投資
6723,ルネサス,,新高値ブレイク投資|日経225
3040,ソリトン,,新高値ブレイク投資
7735,SCREEN,,新高値ブレイク投資|日経225
3905,データセクション,,新高値ブレイク投資
6521,オキサイド,,新高値ブレイク投資
3993,PKSHA,,監視銘柄
5574,ABEJA,,監視銘柄
247A,AIロボティクス,,監視銘柄
3692,FFRIセキュリティ,,監視銘柄
4414,フレクト,,監視銘柄
4488,AI INSIDE,,監視銘柄
6857,アドバンテスト,,監視銘柄|日経225
8035,東京エレクトロン,,監視銘柄|日経225
6920,レーザーテック,,監視銘柄|日経225
6525,KOKUSAI ELECTRIC,,監視銘柄
6315,TOWA,,監視銘柄
5803,フジクラ,,監視銘柄|日経225
7011,三菱重工,,監視銘柄|日経225
7013,IHI,,監視銘柄|日経225
7003,三井E&S,,監視銘柄
5838,楽天銀行,,監視銘柄
7453,良品計画,,監視銘柄|日経225
9984,ソフトバンクG,,監視銘柄|日経225
6501,日立製作所,,監視銘柄|日経225
5801,古河電気工業,,監視銘柄|日経225
6503,三菱電機,,監視銘柄|日経225
6701,NEC,,監視銘柄|日経225
8306,三菱UFJフィナンシャル・グループ,,監視銘柄|日経225
6702,富士通,,監視銘柄|日経225
5802,住友電気工業,,監視銘柄|日経225
6963,ローム,,監視銘柄|日経225
7721,東京計器,,中小テーマ株
7012,川崎重工業,,中小テーマ株|日経225
464A,QPSホールディングス,QPS研究所から株式移転,中小テーマ株
186A,アストロスケール,,中小テーマ株
4425,Kudan,,中小テーマ株
5016,JX金属,,中小テーマ株
4107,伊勢化学工業,,中小テーマ株
6954,ファナック,,中小テーマ株|日経225
1332,ニッスイ,,日経225
1605,INPEX,,日経225
1721,コムシスホールディングス,,日経225
1801,大成建設,,日経225
1802,大林組,,日経225
1803,清水建設,,日経225
1808,長谷工コーポレーション,,日経225
1812,鹿島建設,,日経225
1925,大和ハウス工業,,日経225
1928,積水ハウス,,日経225
1963,日揮ホールディングス,,日経225
2002,日清製粉グループ本社,,日経225
2269,明治ホールディングス,,日経225
2282,日本ハム,,日経225
2413,エムスリー,,日経225
2432,ディー・エヌ・エー,,日経225
2501,サッポロホールディングス,,日経225
2502,アサヒグループホールディングス,,日経225
2503,キリンホールディングス,,日経225
2768,双日,,日経225
2801,キッコーマン,,日経225
2802,味の素,,日経225
2871,ニチレイ,,日経225
2914,日本たばこ産業,,日経225
3086,J．フロント リテイリング,,日経225
3092,ZOZO,,日経225
3099,三越伊勢丹ホールディングス,,日経225
3289,東急不動産ホールディングス,,日経225
3382,セブン＆アイ・ホールディングス,,日経225
3401,帝人,,日経225
3402,東レ,,日経225
3405,クラレ,,日経225
3407,旭化成,,日経225
3436,SUMCO,,日経225
3659,ネクソン,,日経225
3697,ＳＨＩＦＴ,,日経225
3861,王子ホールディングス,,日経225
4004,レゾナック・ホールディングス,,日経225
4005,住友化学,,日経225
4021,日産化学,,日経225
4042,東ソー,,日経225
4043,トクヤマ,,日経225
4061,デンカ,,日経225
4062,イビデン,,日経225
4063,信越化学工業,,日経225
4151,協和キリン,,日経225
4183,三井化学,,日経225
4188,三菱ケミカルグループ,,日経225
4208,UBE,,日経225
4307,野村総合研究所,,日経225
4324,電通グループ,,日経225
4385,メルカリ,,日経225
4452,花王,,日経225
4502,武田薬品工業,,日経225
4503,アステラス製薬,,日経225
4506,住友ファーマ,,日経225
4507,塩野義製薬,,日経225
4519,中外製薬,,日経225
4523,エーザイ,,日経225
4543,テルモ,,日経225
4568,第一三共,,日経225
4578,大塚ホールディングス,,日経225
4661,オリエンタルランド,,日経225
4689,LINEヤフー,,日経225
4704,トレンドマイクロ,,日経225
4751,サイバーエージェント,,日経225
4755,楽天グループ,,日経225
4901,富士フイルムホールディングス,,日経225
4902,コニカミノルタ,,日経225
4911,資生堂,,日経225
5019,出光興産,,日経225
5020,ENEOSホールディングス,,日経225
5101,横浜ゴム,,日経225
5108,ブリヂストン,,日経225
5201,AGC,,日経225
5214,日本電気硝子,,日経225
5233,太平洋セメント,,日経225
5301,東海カーボン,,日経225
5332,TOTO,,日経225
5333,NGK,,日経225
5401,日本製鉄,,日経225
5406,神戸製鋼所,,日経225
5411,JFEホールディングス,,日経225
5631,日本製鋼所,,日経225
5706,三井金属,,日経225
5711,三菱マテリアル,,日経225
5713,住友金属鉱山,,日経225
5714,DOWAホールディングス,,日経225
5831,しずおかフィナンシャルグループ,,日経225
6098,リクルートホールディングス,,日経225
6103,オークマ,,日経225
6113,アマダ,,日経225
6146,ディスコ,,日経225
6178,日本郵政,,日経225
6273,SMC,,日経225
6301,小松製作所,,日経225
6302,住友重機械工業,,日経225
6305,日立建機,,日経225
6326,クボタ,,日経225
6361,荏原製作所,,日経225
6367,ダイキン工業,,日経225
6471,日本精工,,日経225
6472,NTN,,日経225
6473,ジェイテクト,,日経225
6479,ミネベアミツミ,,日経225
6504,富士電機,,日経225
6506,安川電機,,日経225
6526,ソシオネクスト,,日経225
6532,ベイカレント,,日経225
6645,オムロン,,日経225
6724,セイコーエプソン,,日経225
6752,パナソニック ホールディングス,,日経225
6753,シャープ,,日経225
6758,ソニーグループ,,日経225
6762,TDK,,日経225
6770,アルプスアルパイン,,日経225
6841,横河電機,,日経225
6861,キーエンス,,日経225
6902,デンソー,,日経225
6971,京セラ,,日経225
6976,太陽誘電,,日経225
6981,村田製作所,,日経225
6988,日東電工,,日経225
7004,カナデビア,,日経225
7186,横浜フィナンシャルグループ,,日経225
7201,日産自動車,,日経225
7202,いすゞ自動車,,日経225
7203,トヨタ自動車,,日経225
7211,三菱自動車工業,,日経225
7261,マツダ,,日経225
7267,本田技研工業,,日経225
7269,スズキ,,日経225
7270,SUBARU,,日経225
7272,ヤマハ発動機,,日経225
7532,パン・パシフィック・インターナショナルホールディングス,,日経225
7731,ニコン,,日経225
7733,オリンパス,,日経225
7741,HOYA,,日経225
7751,キヤノン,,日経225
7752,リコー,,日経225
7832,バンダイナムコホールディングス,,日経225
7911,TOPPANホールディングス,,日経225
7912,大日本印刷,,日経225
7951,ヤマハ,,日経225
7974,任天堂,,日経225
8001,伊藤忠商事,,日経225
8002,丸紅,,日経225
8015,豊田通商,,日経225
8031,三井物産,,日経225
8053,住友商事,,日経225
8058,三菱商事,,日経225
8233,高島屋,,日経225
8252,丸井グループ,,日経225
8253,クレディセゾン,,日経225
8267,イオン,,日経225
8304,あおぞら銀行,,日経225
8308,りそなホールディングス,,日経225
8309,三井住友トラストグループ,,日経225
8316,三井住友フィナンシャルグループ,,日経225
8331,千葉銀行,,日経225
8354,ふくおかフィナンシャルグループ,,日経225
8411,みずほフィナンシャルグループ,,日経225
8591,オリックス,,日経225
8601,大和証券グループ本社,,日経225
8604,野村ホールディングス,,日経225
8630,SOMPOホールディングス,,日経225
8697,日本取引所グループ,,日経225
8725,MS＆ADインシュアランスグループホールディングス,,日経225
8750,第一ライフグループ,,日経225
8766,東京海上ホールディングス,,日経225
8795,T＆Dホールディングス,,日経225
8801,三井不動産,,日経225
8802,三菱地所,,日経225
8804,東京建物,,日経225
8830,住友不動産,,日経225
9001,東武鉄道,,日経225
9005,東急,,日経225
9007,小田急電鉄,,日経225
9008,京王電鉄,,日経225
9009,京成電鉄,,日経225
9020,東日本旅客鉄道,,日経225
9021,西日本旅客鉄道,,日経225
9022,東海旅客鉄道,,日経225
9064,ヤマトホールディングス,,日経225
9101,日本郵船,,日経225
9104,商船三井,,日経225
9107,川崎汽船,,日経225
9147,NIPPON EXPRESSホールディングス,,日経225
9201,日本航空,,日経225
9202,ANAホールディングス,,日経225
9432,NTT,,日経225
9433,KDDI,,日経225
9434,ソフトバンク,,日経225
9501,東京電力ホールディングス,,日経225
9502,中部電力,,日経225
9503,関西電力,,日経225
9531,東京瓦斯,,日経225
9532,大阪瓦斯,,日経225
9602,東宝,,日経225
9735,セコム,,日経225
9766,コナミグループ,,日経225
9843,ニトリホールディングス,,日経225
9983,ファーストリテイリング,,日経225
285A,キオクシア,,日経225
543A,ARCHION,,日経225
